{"stats":{"minecraft:mined":{"minecraft:grass":2,"minecraft:oak_leaves":3,"minecraft:sand":3},"minecraft:used":{"minecraft:birch_log":4,"minecraft:oak_leaves":27,"minecraft:sand":2},"minecraft:picked_up":{"minecraft:sand":2},"minecraft:custom":{"minecraft:jump":52,"minecraft:time_since_rest":3748,"minecraft:damage_dealt":17,"minecraft:crouch_one_cm":1292,"minecraft:leave_game":1,"minecraft:sprint_one_cm":13114,"minecraft:play_time":3748,"minecraft:damage_taken":85,"minecraft:time_since_death":3748,"minecraft:walk_one_cm":4067,"minecraft:sneak_time":654,"minecraft:total_world_time":3748,"minecraft:fall_one_cm":1546,"minecraft:fly_one_cm":124272}},"DataVersion":3465}